local_player_id,player_id,player_name,minutes_played,games_played,pts
1,2544,LeBron James,41350,1095,29682
2,201142,Kevin Durant,35501,963,25827
3,2546,Carmelo Anthony,30554,870,20694
4,201566,Russell Westbrook,30516,895,20333
5,2548,Dwyane Wade,29823,898,19220
6,201935,James Harden,28347,847,19019
7,200746,LaMarcus Aldridge,32575,930,18507
8,1717,Dirk Nowitzki,29498,910,18407
9,977,Kobe Bryant,25020,702,17722
10,201939,Stephen Curry,26404,773,17718
11,101108,Chris Paul,31584,910,17146
12,2730,Dwight Howard,31865,939,16813
13,2207,Joe Johnson,33151,984,15512
14,201942,DeMar DeRozan,26318,784,15203
15,2200,Pau Gasol,31174,948,15158
16,200752,Rudy Gay,28048,808,14780
17,2225,Tony Parker,26929,903,14429
18,2037,Jamal Crawford,27544,940,14423
19,101145,Monta Ellis,27807,785,14373
20,2216,Zach Randolph,27201,856,14133
21,2547,Chris Bosh,25491,743,14064
22,1718,Paul Pierce,27101,880,13886
23,200794,Paul Millsap,28117,926,13591
24,201933,Blake Griffin,21804,634,13375
25,101114,Deron Williams,27132,806,13358
26,2744,Al Jefferson,23819,792,13300
27,201567,Kevin Love,23524,748,13262
28,2561,David West,27506,975,13258
29,200768,Kyle Lowry,27985,908,13025
30,202691,Klay Thompson,22603,684,12975
31,101150,Lou Williams,22895,883,12891
32,1495,Tim Duncan,24215,809,12610
33,201188,Marc Gasol,27881,835,12478
34,201572,Brook Lopez,21612,699,12410
35,203081,Damian Lillard,19494,542,12385
36,201143,Al Horford,29186,896,12350
37,202326,DeMarcus Cousins,18329,579,12231
38,201152,Thaddeus Young,28122,930,12201
39,2747,JR Smith,26454,936,12027
40,2746,Josh Smith,25580,802,11988
41,202331,Paul George,21501,641,11883
42,2738,Andre Iguodala,32221,985,11838
43,201144,Mike Conley,26958,839,11836
44,201145,Jeff Green,26988,906,11713
45,202322,John Wall,21923,619,11548
46,202681,Kyrie Irving,17651,525,11462
47,2736,Luol Deng,26690,769,11284
48,101135,David Lee,23634,807,11264
49,2405,"Amar'e Stoudemire",18146,629,11205
50,1938,Manu Ginobili,21348,872,11187
51,201565,Derrick Rose,19570,584,11077
52,1713,Vince Carter,23216,886,11032
53,201609,Goran Dragic,22396,817,10909
54,200755,JJ Redick,22582,872,10875
55,2755,Kevin Martin,17839,580,10806
56,203076,Anthony Davis,15827,464,10779
57,202689,Kemba Walker,19216,577,10677
58,2430,Carlos Boozer,20233,655,10580
59,201569,Eric Gordon,20846,641,10556
60,2772,Trevor Ariza,29065,912,10402
61,1891,Jason Terry,23297,895,10047
62,201952,Jeff Teague,21647,784,9976
63,202738,Isaiah Thomas,15709,533,9942
64,202083,Wesley Matthews,23633,728,9915
65,201586,Serge Ibaka,24005,831,9883
66,951,Ray Allen,22332,688,9873
67,2449,Luis Scola,21166,846,9797
68,201950,Jrue Holiday,21394,664,9747
69,101109,Raymond Felton,25748,881,9603
70,200765,Rajon Rondo,28199,860,9531
71,201588,George Hill,23588,813,9402
72,2594,Kyle Korver,24863,975,9298
73,101107,Marvin Williams,25446,903,9277
74,201587,Nicolas Batum,24253,784,9245
75,201155,Rodney Stuckey,19949,736,9125
76,2734,Devin Harris,20119,783,9117
77,201936,Tyreke Evans,17797,562,9087
78,2210,Richard Jefferson,22388,896,9087
79,201167,Arron Afflalo,22896,859,9038
80,203078,Bradley Beal,16230,482,9018
81,101122,Danny Granger,15681,497,8993
82,201156,Nick Young,18110,809,8984
83,708,Kevin Garnett,19049,680,8969
84,201954,Darren Collison,20760,721,8946
85,201583,Ryan Anderson,18734,729,8936
86,202330,Gordon Hayward,17850,578,8922
87,2590,Mo Williams,19291,655,8841
88,101162,Marcin Gortat,23171,911,8818
89,202328,Greg Monroe,18423,652,8784
90,2403,Nene,19454,759,8775
91,101127,Jarrett Jack,21962,791,8749
92,202710,Jimmy Butler,17568,539,8631
93,201163,Wilson Chandler,19810,652,8529
94,201584,Courtney Lee,24020,862,8495
95,201943,Brandon Jennings,18433,619,8445
96,2749,Jameer Nelson,21579,762,8441
97,201564,O.J. Mayo,18874,624,8399
98,202695,Kawhi Leonard,15867,521,8399
99,101139,CJ Miles,17556,820,8378
100,201158,Marco Belinelli,19595,847,8314
101,1712,Antawn Jamison,15891,504,8230
102,1889,Andre Miller,20325,756,8163
103,201599,DeAndre Jordan,24169,867,8139
104,201563,Michael Beasley,15024,650,8132
105,201568,Danilo Gallinari,16283,531,8019
106,201196,Ramon Sessions,18262,785,7968
107,201147,Corey Brewer,20647,899,7966
108,201579,Roy Hibbert,19510,776,7896
109,2406,Caron Butler,17998,617,7891
110,201951,Ty Lawson,18087,631,7865
111,101141,Ersan Ilyasova,17452,694,7809
112,200745,Andrea Bargnani,15447,536,7761
113,2564,Boris Diaw,23947,915,7714
114,201571,D.J. Augustin,19134,816,7695
115,101138,Brandon Bass,18775,832,7612
116,201959,Taj Gibson,20082,785,7585
117,200826,J.J. Barea,17132,840,7568
118,2202,Jason Richardson,15424,481,7524
119,200751,Randy Foye,19179,755,7494
120,203507,Giannis Antetokounmpo,14295,440,7484
121,202339,Eric Bledsoe,15141,559,7455
122,2419,Tayshaun Prince,21865,739,7450
123,101181,Jose Calderon,21722,798,7429
124,2732,Ben Gordon,14426,547,7391
125,2399,Mike Dunleavy,17712,661,7371
126,2222,Gerald Wallace,18608,563,7357
127,202699,Tobias Harris,14809,505,7301
128,959,Steve Nash,16188,510,7272
129,2440,Matt Barnes,21074,852,7244
130,1890,Shawn Marion,19197,640,7198
131,202696,Nikola Vucevic,14515,497,7173
132,201166,Aaron Brooks,15303,745,7144
133,202323,Evan Turner,19489,705,7137
134,202324,Derrick Favors,16137,625,7094
135,203084,Harrison Barnes,16915,561,7067
136,2199,Tyson Chandler,22606,779,7010
137,201577,Robin Lopez,18089,777,6983
138,1497,Chauncey Billups,13669,438,6968
139,1536,Stephen Jackson,14256,439,6951
140,201596,Mario Chalmers,21143,791,6947
141,203083,Andre Drummond,15284,508,6908
142,101112,Channing Frye,17711,812,6892
143,203506,Victor Oladipo,13308,404,6889
144,201162,Jared Dudley,20069,868,6834
145,2571,Leandro Barbosa,13565,702,6808
146,1897,Metta World Peace,18135,619,6797
147,2422,John Salmons,17909,589,6785
148,203952,Andrew Wiggins,12474,350,6780
149,202693,Markieff Morris,15087,574,6775
150,202683,Enes Kanter,12632,582,6762
151,203468,CJ McCollum,11555,397,6726
152,1740,Rashard Lewis,15771,544,6669
153,201150,Spencer Hawes,17287,769,6602
154,201149,Joakim Noah,21356,742,6577
155,2045,Hedo Turkoglu,16141,574,6541
156,101161,Amir Johnson,19553,922,6527
157,202340,Avery Bradley,15029,533,6506
158,201578,Marreese Speights,12288,827,6462
159,201945,Gerald Henderson,15001,586,6414
160,2754,Tony Allen,17953,808,6399
161,201171,Carl Landry,13210,591,6356
162,203114,Khris Middleton,13303,423,6330
163,101126,Nate Robinson,12620,562,6329
164,2757,Beno Udrih,16684,686,6311
165,201977,Marcus Thornton,12417,538,6302
166,202704,Reggie Jackson,12744,507,6287
167,1733,Al Harrington,11736,449,6185
168,101154,Andray Blatche,13049,548,6136
169,202688,Brandon Knight,12703,412,6115
170,202685,Jonas Valanciunas,13108,521,6042
171,201627,Anthony Morrow,13605,637,5992
172,2549,Chris Kaman,12573,490,5989
173,201980,Danny Green,16839,684,5887
174,1885,Lamar Odom,16300,560,5868
175,202718,Chandler Parsons,13778,447,5848
176,101111,Charlie Villanueva,11236,597,5827
177,202694,Marcus Morris,13668,522,5825
178,203110,Draymond Green,17228,606,5819
179,101106,Andrew Bogut,17226,644,5794
180,200750,Brandon Roy,10740,312,5779
181,1888,Richard Hamilton,11415,382,5772
182,2550,Kirk Hinrich,18172,666,5711
183,1894,Corey Maggette,9275,333,5634
184,1626157,Karl-Anthony Towns,9137,268,5633
185,101123,Gerald Green,11045,583,5624
186,201574,Jason Thompson,16004,649,5597
187,202684,Tristan Thompson,17381,625,5559
188,202702,Kenneth Faried,12098,489,5525
189,201581,JJ Hickson,12906,589,5521
190,2585,Zaza Pachulia,16993,873,5470
191,203079,Dion Waiters,11846,420,5448
192,202391,Jeremy Lin,12084,463,5444
193,201573,Jerryd Bayless,13633,637,5444
194,201975,Jodie Meeks,13096,596,5356
195,203095,Evan Fournier,11144,417,5318
196,2557,Luke Ridnour,14397,586,5280
197,201960,DeMarre Carroll,14382,594,5256
198,201961,Wayne Ellington,13777,658,5247
199,2731,Emeka Okafor,14122,486,5236
200,203471,Dennis Schroder,9600,413,5221
201,200757,Thabo Sefolosha,19882,842,5200
202,201175,Glen Davis,13505,651,5176
203,2743,Kris Humphries,13277,686,5163
204,965,Derek Fisher,16807,667,5138
205,202329,Al-Farouq Aminu,16471,660,5132
206,101115,Andrew Bynum,10871,381,5128
207,1884,Baron Davis,10777,332,5083
208,201988,Patty Mills,11264,632,5063
209,1882,Elton Brand,13241,520,5042
210,203484,Kentavious Caldwell-Pope,12886,422,5028
211,201937,Ricky Rubio,14284,464,4996
212,203109,Jae Crowder,13093,549,4988
213,201228,C.J. Watson,13860,694,4968
214,255,Grant Hill,12548,444,4948
215,201580,JaVale McGee,10814,652,4892
216,2584,Willie Green,12380,613,4868
217,201949,James Johnson,12598,623,4824
218,201956,Omri Casspi,12302,595,4822
219,201601,Luc Mbah a Moute,17649,756,4810
220,202362,Lance Stephenson,13406,538,4757
221,2733,Shaun Livingston,14659,751,4691
222,203903,Jordan Clarkson,9160,346,4658
223,202335,Patrick Patterson,14635,642,4618
224,2034,Mike Miller,14043,657,4587
225,1905,Andrei Kirilenko,12257,446,4585
226,101110,Martell Webster,12316,489,4579
227,203501,Tim Hardaway Jr.,9502,385,4549
228,203115,Will Barton,9918,438,4514
229,2223,Samuel Dalembert,14400,609,4497
230,2400,Drew Gooden,10482,471,4495
231,2748,Dorell Wright,11930,520,4492
232,202325,Wesley Johnson,14007,626,4450
233,2581,Steve Blake,16688,692,4433
234,203082,Terrence Ross,11043,474,4413
235,467,Jason Kidd,17316,529,4392
236,1626164,Devin Booker,7058,223,4348
237,200770,Jordan Farmar,10638,544,4319
238,201229,Anthony Tolliver,13359,673,4314
239,203085,Austin Rivers,11220,464,4314
240,2566,Travis Outlaw,10636,468,4301
241,2570,Kendrick Perkins,17660,744,4286
242,200758,Ronnie Brewer,12463,522,4256
243,202711,Bojan Bogdanovic,9655,362,4254
244,201967,Dante Cunningham,14966,707,4250
245,2617,Udonis Haslem,14690,665,4244
246,202682,Derrick Williams,9667,471,4204
247,2203,Shane Battier,17456,625,4193
248,203490,Otto Porter Jr.,10578,399,4185
249,201585,Kosta Koufos,12050,735,4165
250,201160,Jason Smith,11097,673,4151
251,202390,Gary Neal,9044,430,4147
252,2555,Nick Collison,15321,797,4107
253,2760,Anderson Varejao,13454,547,4088
254,202334,Ed Davis,12634,629,4054
255,202355,Hassan Whiteside,7994,307,4050
256,202692,Alec Burks,8686,413,4031
257,200782,PJ Tucker,15279,541,4030
258,203500,Steven Adams,11741,460,4025
259,101124,Hakim Warrick,8492,413,3996
260,1710,Mike Bibby,11434,407,3994
261,202734,"E'Twaun Moore",10808,520,3979
262,2572,Josh Howard,7818,271,3964
263,203482,Kelly Olynyk,8710,412,3963
264,202344,Trevor Booker,11801,588,3957
265,203496,Robert Covington,9273,325,3952
266,202349,Greivis Vasquez,10624,458,3950
267,979,"Jermaine O'Neal",9298,387,3907
268,201973,Jonas Jerebko,11355,642,3889
269,2246,Mehmet Okur,8585,285,3882
270,203145,Kent Bazemore,9615,489,3881
271,201154,Al Thornton,8929,321,3853
272,101155,Ryan Gomes,10479,384,3828
273,2030,Kenyon Martin,11386,416,3821
274,1515,Anthony Parker,12153,413,3816
275,202348,Jordan Crawford,7651,325,3801
276,202709,Cory Joseph,11068,560,3795
277,101128,Francisco Garcia,9931,442,3779
278,2568,Carlos Delfino,10183,373,3765
279,203497,Rudy Gobert,10328,374,3764
280,947,Allen Iverson,6805,181,3762
281,200769,Shannon Brown,8806,487,3741
282,978,Peja Stojakovic,8881,296,3737
283,2446,Rasual Butler,10932,538,3736
284,202397,Ish Smith,9951,531,3732
285,202703,Nikola Mirotic,7695,327,3717
286,203486,Mason Plumlee,9827,448,3716
287,2588,Matt Bonner,11105,706,3695
288,201589,Darrell Arthur,9914,564,3688
289,201593,Nikola Pekovic,7300,299,3677
290,201575,Brandon Rush,11844,554,3675
291,202389,Timofey Mozgov,9794,541,3671
292,203087,Jeremy Lamb,7581,404,3663
293,203999,Nikola Jokic,6618,246,3616
294,203918,Rodney Hood,7800,296,3608
295,201978,Chase Budinger,8899,446,3592
296,406,"Shaquille O'Neal",6819,266,3578
297,201941,Jordan Hill,8683,472,3577
298,203504,Trey Burke,7971,328,3573
299,203077,Michael Kidd-Gilchrist,10405,394,3546
300,203944,Julius Randle,7300,268,3539
301,101131,Jason Maxiell,11722,594,3524
302,2211,Troy Murphy,8966,348,3523
303,203487,Michael Carter-Williams,8544,314,3512
304,203901,Elfrid Payton,9392,321,3502
305,203090,Maurice Harkless,10706,463,3475
306,204001,Kristaps Porzingis,6020,198,3446
307,201971,DeJuan Blair,8191,508,3430
308,203089,John Henson,8845,437,3426
309,202697,Iman Shumpert,11863,476,3402
310,203463,Ben McLemore,9196,375,3402
311,203476,Gorgui Dieng,9934,408,3394
312,203897,Zach LaVine,7040,250,3391
313,201148,Brandan Wright,7863,485,3388
314,201946,Tyler Hansbrough,8609,506,3383
315,201976,Patrick Beverley,10188,362,3363
316,2427,Roger Mason Jr.,9356,475,3345
317,200789,Daniel Gibson,9604,399,3332
318,1503,Tracy McGrady,7350,282,3331
319,201168,Tiago Splitter,8357,440,3330
320,201962,Toney Douglas,8344,446,3327
321,203914,Gary Harris,7660,273,3315
322,203096,Jared Sullinger,7389,310,3311
323,101198,Will Bynum,7431,395,3311
324,101133,Ian Mahinmi,10717,667,3303
325,980,Zydrunas Ilgauskas,7997,344,3289
326,203118,Mike Scott,6985,430,3259
327,2072,Michael Redd,5789,203,3250
328,203459,Allen Crabbe,8338,344,3229
329,203932,Aaron Gordon,7316,282,3215
330,1802,Brad Miller,8450,332,3207
331,739,Rasheed Wallace,8164,310,3201
332,203933,TJ Warren,6289,237,3196
333,2804,Andres Nocioni,6983,325,3191
334,200748,Tyrus Thomas,7966,373,3167
335,101132,Linas Kleiza,7060,311,3162
336,203092,Tyler Zeller,7982,462,3151
337,2397,Yao Ming,5413,165,3134
338,203935,Marcus Smart,9313,328,3088
339,2554,Mickael Pietrus,8581,393,3083
340,203953,Jabari Parker,6172,203,3073
341,2365,Chris Andersen,9975,546,3055
342,203141,Mirza Teletovic,6742,377,3049
343,1626156,"D'Angelo Russell",5754,210,3039
344,202708,Norris Cole,9771,456,3029
345,202687,Bismack Biyombo,12534,594,2997
346,2753,Delonte West,8682,323,2995
347,203991,Clint Capela,6487,294,2980
348,203093,Terrence Jones,6829,285,2964
349,1626167,Myles Turner,6535,237,2950
350,202714,Shelvin Mack,8185,468,2936
351,202087,Alonzo Gee,9696,454,2926
352,2756,Sasha Vujacic,7394,476,2867
353,1952,Raja Bell,8965,285,2834
354,201600,Omer Asik,10638,542,2820
355,2217,Brendan Haywood,9834,440,2816
356,2742,Sebastian Telfair,8221,381,2805
357,2551,T.J. Ford,6276,256,2796
358,202338,Kevin Seraphin,7143,468,2784
359,2592,James Jones,8627,620,2777
360,203469,Cody Zeller,7860,352,2770
361,203498,Shabazz Muhammad,5228,305,2768
362,203994,Jusuf Nurkic,5649,263,2745
363,2039,Keyon Dooling,7671,393,2738
364,1747,Rafer Alston,7680,247,2736
365,2605,Marquis Daniels,7643,391,2710
366,200783,Craig Smith,5786,347,2698
367,948,Marcus Camby,10834,386,2675
368,2248,Earl Watson,10588,459,2667
369,2047,Quentin Richardson,8517,367,2666
370,2563,Dahntay Jones,7564,514,2666
371,201177,Josh McRoberts,9365,498,2655
372,202066,Garrett Temple,9128,499,2638
373,203503,Tony Snell,9437,427,2638
374,204020,Tyler Johnson,6228,244,2637
375,2230,Maurice Evans,7875,382,2629
376,203458,Alex Len,7098,357,2612
377,204060,Joe Ingles,8569,368,2596
378,202713,Kyle Singler,8549,396,2592
379,1626163,Frank Kaminsky,6143,262,2589
380,202720,Jon Leuer,6329,387,2579
381,203124,"Kyle O'Quinn",6744,436,2572
382,1737,Nazr Mohammed,7466,579,2567
383,686,Antonio McDyess,8662,354,2567
384,203924,Jerami Grant,7268,331,2541
385,2067,Eddie House,6124,349,2537
386,201161,Daequan Cook,7116,402,2522
387,201164,Rudy Fernandez,6694,283,2515
388,2436,Flip Murray,5439,235,2504
389,2768,Chris Duhon,10239,415,2481
390,2404,Chris Wilcox,5978,328,2471
391,2863,Damien Wilkins,7743,436,2470
392,203967,Dario Saric,4958,178,2457
393,201146,Yi Jianlian,6754,305,2453
394,2586,Keith Bogans,9289,462,2442
395,101187,Alan Anderson,6772,317,2423
396,200779,Steve Novak,6246,501,2421
397,203926,Doug McDermott,6225,299,2416
398,203521,Matthew Dellavedova,8824,409,2404
399,2209,Vladimir Radmanovic,7037,392,2393
400,2052,DeShawn Stevenson,8754,419,2389
401,203382,Aron Baynes,6636,446,2370
402,203954,Joel Embiid,3130,112,2369
403,203148,Brian Roberts,5954,356,2363
404,1627750,Jamal Murray,4625,175,2294
405,203200,Justin Holiday,6025,315,2286
406,2740,Andris Biedrins,7998,369,2263
407,204038,Langston Galloway,6255,279,2249
408,1899,James Posey,7767,334,2247
409,203138,Hollis Thompson,6976,291,2244
410,203457,Nerlens Noel,6149,238,2193
411,1626144,Emmanuel Mudiay,5059,201,2179
412,200797,Ryan Hollins,7114,584,2177
413,1626196,Josh Richardson,6155,216,2156
414,1626161,Willie Cauley-Stein,5281,232,2137
415,203210,JaMychal Green,5801,272,2134
416,203086,Meyers Leonard,5975,380,2133
417,201576,Anthony Randolph,4547,291,2118
418,101235,Kelenna Azubuike,4778,183,2112
419,202730,Lavoy Allen,7833,446,2108
420,714,Michael Finley,6140,264,2104
421,2240,Gilbert Arenas,4208,164,2099
422,2420,Nenad Krstic,5616,260,2083
423,203613,Jonathon Simmons,4874,237,2079
424,1627741,Buddy Hield,4217,174,2076
425,2501,Reggie Evans,9929,528,2074
426,1716,Larry Hughes,5199,200,2065
427,202700,Donatas Motiejunas,5066,275,2058
428,1627759,Jaylen Brown,4546,194,2056
429,1626171,Bobby Portis,4280,225,2050
430,101142,Ronny Turiaf,7961,457,2048
431,101179,Ronnie Price,7543,526,2046
432,2457,Jannero Pargo,4673,312,2031
433,202337,Luke Babbitt,5840,415,2024
434,200081,Jamario Moon,7253,330,2022
435,1626162,Kelly Oubre Jr.,5263,259,2017
436,101236,Chuck Hayes,10703,597,2016
437,203094,Andrew Nicholson,4711,318,1996
438,203477,Isaiah Canaan,4717,236,1982
439,202347,Quincy Pondexter,6521,360,1974
440,201604,Chris Douglas-Roberts,5372,265,1974
441,1626179,Terry Rozier,5008,250,1973
442,203917,Nik Stauskas,5971,282,1973
443,202498,Lance Thomas,7093,385,1971
444,2574,Jason Kapono,5540,310,1967
445,2545,Darko Milicic,6183,295,1961
446,1628378,Donovan Mitchell,3151,94,1946
447,202361,Landry Fields,6732,294,1945
448,203584,Troy Daniels,4263,275,1895
449,1626178,Rondae Hollis-Jefferson,4591,190,1893
450,203546,Ian Clark,4618,342,1880
451,201948,Austin Daye,4835,338,1862
452,203939,Dwight Powell,4635,282,1855
453,201985,AJ Price,4549,303,1846
454,200761,Shawne Williams,5462,304,1833
455,101119,Rashad McCants,3376,144,1817
456,203524,Solomon Hill,6848,302,1814
457,203100,Tony Wroten,3463,169,1806
458,1627742,Brandon Ingram,4570,151,1800
459,1626143,Jahlil Okafor,3281,142,1793
460,200811,Lou Amundson,6270,487,1784
461,203101,Miles Plumlee,5949,358,1773
462,1626168,Trey Lyles,4209,241,1768
463,203915,Spencer Dinwiddie,4590,204,1766
464,2443,Darius Songaila,4996,272,1761
465,201970,Sam Young,4835,302,1760
466,203473,Dewayne Dedmon,5384,327,1755
467,203930,Sean Kilpatrick,3292,170,1747
468,203112,Quincy Acy,5693,351,1745
469,1626169,Stanley Johnson,5456,240,1741
470,703,Kurt Thomas,7669,433,1736
471,203080,Thomas Robinson,4790,354,1729
472,202336,Larry Sanders,5255,267,1722
473,2553,Jarvis Hayes,4535,225,1720
474,202130,Reggie Williams,4028,225,1720
475,1729,Ricky Davis,4789,175,1712
476,2294,Charlie Bell,5592,254,1704
477,201582,Alexis Ajinca,4277,327,1700
478,204456,T.J. McConnell,5966,265,1691
479,1626209,Mario Hezonja,4481,240,1680
480,1887,Wally Szczerbiak,4034,186,1679
481,1627752,Taurean Prince,3867,159,1660
482,203516,James Ennis III,5090,249,1658
483,201590,Donte Greene,4578,273,1650
484,201938,Jonny Flynn,4028,176,1636
485,200771,Sergio Rodriguez,4932,316,1632
486,1626149,Montrezl Harrell,3082,198,1629
487,1626181,Norman Powell,3972,245,1626
488,202690,Jimmer Fredette,3548,256,1620
489,203460,Andre Roberson,7926,348,1612
490,201957,Byron Mullens,3982,215,1612
491,202341,James Anderson,4859,284,1610
492,203925,Joe Harris,4055,214,1594
493,693,Joe Smith,4224,263,1581
494,1626204,Larry Nance Jr.,4745,231,1574
495,203894,Shabazz Napier,4115,259,1571
496,1626170,Jerian Grant,4406,237,1567
497,1627763,Malcolm Brogdon,4015,146,1566
498,101130,Johan Petro,5184,379,1564
499,203937,Kyle Anderson,5452,308,1551
500,2575,Luke Walton,5930,379,1549
501,203499,Shane Larkin,5373,285,1542
502,1501,Tim Thomas,3606,152,1528
503,200760,Rodney Carney,3948,261,1527
504,2735,Josh Childress,4510,215,1521
505,203488,Mike Muscala,4218,293,1514
506,1627734,Domantas Sabonis,3813,173,1507
507,956,Erick Dampier,6533,310,1504
508,202705,MarShon Brooks,3295,189,1499
509,1627732,Ben Simmons,3220,96,1499
510,203144,Alexey Shved,3679,203,1496
511,1628369,Jayson Tatum,3227,103,1496
512,200796,Leon Powe,3229,226,1493
513,1853,Anthony Carter,6045,303,1490
514,1626159,Justise Winslow,5436,200,1489
515,2679,Matt Carroll,4455,307,1487
516,711,Jerry Stackhouse,3813,214,1486
517,2484,Devin Brown,4161,220,1470
518,101120,Antoine Wright,4752,224,1453
519,201953,Eric Maynor,4792,318,1450
520,2250,Bobby Simmons,4529,222,1439
521,1627737,Marquese Chriss,3524,165,1429
522,101129,Luther Head,3689,210,1421
523,2562,Sasha Pavlovic,5172,352,1419
524,200749,Shelden Williams,4703,319,1399
525,201958,Rodrigue Beaubois,3163,201,1392
526,201603,Sonny Weems,3806,205,1384
527,2407,Jared Jeffries,6673,352,1383
528,1627812,Yogi Ferrell,3624,137,1374
529,202388,Donald Sloan,4217,245,1363
530,1627747,Caris LeVert,3139,130,1354
531,1725,Rasho Nesterovic,3578,208,1354
532,201202,Joel Anthony,8939,607,1353
533,2050,Morris Peterson,4053,205,1348
534,1628398,Kyle Kuzma,2569,83,1346
535,201858,Cartier Martin,3736,266,1345
536,201947,Earl Clark,4355,307,1345
537,203530,Joffrey Lauvergne,3192,228,1341
538,202357,Nemanja Bjelica,4053,214,1338
539,101144,Von Wafer,2984,222,1336
540,101121,Joey Graham,3595,246,1336
541,2198,Kwame Brown,4900,263,1325
542,2306,Carlos Arroyo,4509,221,1321
543,2229,Mike James,3856,212,1320
544,1902,Jeff Foster,5564,264,1320
545,203142,Chris Copeland,2771,216,1317
546,202327,Ekpe Udoh,5716,364,1305
547,203552,Seth Curry,2999,136,1304
548,201944,Terrence Williams,3448,177,1301
549,1112,Ben Wallace,8719,367,1288
550,1626158,Richaun Holmes,2936,175,1275
551,203493,Reggie Bullock,3702,233,1274
552,1630,Mikki Moore,4640,214,1256
553,2694,Josh Powell,4002,320,1255
554,1517,Bobby Jackson,3279,162,1242
555,201189,Aaron Gray,4441,360,1241
556,1749,Cuttino Mobley,3318,98,1241
557,1715,Jason Williams,4321,201,1239
558,101249,John Lucas III,3076,225,1226
559,202333,Xavier Henry,3302,204,1217
560,203462,Archie Goodwin,2767,193,1207
561,203156,Henry Sims,3012,165,1201
562,204028,Tarik Black,3651,246,1197
563,2137,Ime Udoka,4095,268,1190
564,202332,Cole Aldrich,4030,384,1189
565,201611,Henry Walker,3334,202,1186
566,2767,Royal Ivey,4429,351,1186
567,1626147,Justin Anderson,2899,199,1179
568,2038,Joel Przybilla,6051,294,1165
569,203143,Pablo Prigioni,5585,331,1163
570,200767,Josh Boone,4035,208,1160
571,1627756,Denzel Valentine,3234,145,1149
572,1863,Earl Boykins,2792,175,1135
573,203957,Dante Exum,3824,196,1122
574,1628372,Dennis Smith Jr.,2179,75,1113
575,203121,Darius Miller,3909,212,1105
576,201974,Derrick Brown,2967,195,1096
577,1626150,Andrew Harrison,3119,145,1088
578,201153,Julian Wright,3601,268,1083
579,1533,Anthony Johnson,4034,216,1082
580,1628367,Josh Jackson,2110,82,1082
581,203527,Ryan Kelly,3359,179,1077
582,1627755,Tyler Ulis,2971,142,1072
583,1628374,Lauri Markkanen,2096,71,1068
584,2224,Jamaal Tinsley,4053,205,1068
585,203943,Noah Vonleh,3969,255,1068
586,1627739,Kris Dunn,3082,140,1048
587,202706,Jordan Hamilton,2419,174,1038
588,204025,Tim Frazier,3645,206,1038
589,201141,Greg Oden,2435,128,1036
590,202379,Jeremy Evans,3124,290,1034
591,436,Juwan Howard,3910,308,1031
592,2434,Juan Carlos Navarro,2370,91,1031
593,101211,Stephen Graham,3064,240,1028
594,1498,Antonio Daniels,3661,172,1027
595,201187,Dominic McGuire,5910,382,1023
596,200809,Chris Quinn,3172,223,1021
597,2046,Desmond Mason,3241,121,1016
598,1723,Matt Harpring,2324,156,1002
599,203105,Festus Ezeli,3207,242,1000
600,1626153,Delon Wright,2645,163,999
601,203492,Ray McCallum,3051,173,996
602,203909,KJ McDaniels,2601,177,979
603,2201,Eddy Curry,1953,99,965
604,203098,John Jenkins,2326,175,965
605,200756,Hilton Armstrong,3511,294,964
606,203960,JaKarr Sampson,2942,188,961
607,1627783,Pascal Siakam,2950,160,961
608,201151,Acie Law,3026,223,959
609,1626185,Jarell Martin,2759,153,955
610,2410,Fred Jones,3336,127,948
611,1627749,Dejounte Murray,2477,144,946
612,203992,Bogdan Bogdanovic,2256,82,943
613,201274,Ivan Johnson,2299,148,942
614,1628415,Dillon Brooks,2446,87,935
615,203922,Glenn Robinson III,2914,198,935
616,203135,Robert Sacre,3181,216,923
617,1626155,Sam Dekker,2617,173,920
618,1627832,Fred VanVleet,2166,137,917
619,201628,Bobby Brown,2164,187,911
620,203106,Jeffery Taylor,2849,147,903
621,1626195,Willy Hernangomez,1979,130,895
622,201591,DJ White,2347,153,893
623,2059,Eduardo Najera,3580,222,883
624,1627746,Skal Labissiere,2073,104,881
625,202722,Davis Bertans,2252,173,878
626,1628368,"De'Aaron Fox",2075,76,876
627,2624,Quinton Ross,4052,256,868
628,2567,Brian Cook,2139,215,868
629,1627751,Jakob Poeltl,2487,163,866
630,203526,Raul Neto,2697,193,865
631,203461,Anthony Bennett,2368,176,865
632,203898,Tyler Ennis,2564,203,863
633,203186,Willie Reed,2151,176,861
634,1626145,Tyus Jones,3062,197,857
635,203518,Alex Abrines,2491,160,853
636,203088,Kendall Marshall,3355,177,852
637,1477,Bruce Bowen,4752,192,852
638,203544,Pero Antic,2494,145,842
639,201965,Jeff Ayres,2866,297,841
640,2411,Bostjan Nachbar,1813,80,834
641,200780,Solomon Jones,3086,279,834
642,1626245,Cristiano Felicio,2671,176,832
643,1626246,Boban Marjanovic,1336,147,825
644,1627098,Malcolm Delaney,2468,139,824
645,2060,Marko Jaric,3034,143,816
646,1628381,John Collins,1880,79,815
647,1627789,Timothe Luwawu-Cabarrot,2194,131,814
648,202399,Jeff Adrien,2415,176,800
649,201814,Gary Forbes,1802,131,793
650,1627854,Bryn Forbes,2113,137,786
651,203798,PJ Hairston,2276,126,777
652,203187,Chris Johnson,2698,179,775
653,203107,Tomas Satoransky,2720,157,774
654,203481,Jeff Withey,2377,237,773
655,101177,Fabricio Oberto,3678,235,766
656,208,Sam Cassell,1624,81,758
657,203120,Justin Hamilton,2118,124,754
658,2429,Dan Gadzuric,2698,227,753
659,1719,Bonzi Wells,1846,92,749
660,202396,Samardo Samuels,1969,125,741
661,2416,Kareem Rush,2037,121,739
662,1627733,Dragan Bender,2904,136,736
663,200764,Renaldo Balkman,2448,185,736
664,201880,Greg Stiemsma,3559,252,733
665,2124,Malik Allen,2658,222,732
666,1626166,Cameron Payne,1895,130,726
667,1548,Mark Blount,1926,101,723
668,101143,Travis Diener,2266,139,717
669,101189,James Singleton,2325,153,707
670,1628021,David Nwaba,2144,96,703
671,202962,Greg Smith,2109,173,702
672,1626192,Pat Connaughton,2370,188,700
673,203585,Rodney McGruder,2579,118,693
674,201979,Nick Calathes,2394,154,692
675,203103,Perry Jones III,2212,181,688
676,202970,Gustavo Ayon,2374,144,682
677,1627748,Thon Maker,2149,149,675
678,201159,Javaris Crittenton,2079,128,675
679,2853,Earl Barron,2167,135,673
680,202698,Chris Singleton,2784,158,670
681,101113,Ike Diogu,1400,122,667
682,200766,Marcus Williams,2001,137,667
683,202686,Jan Vesely,2787,177,660
684,1627785,Isaiah Whitehead,1896,94,659
685,1627775,Patrick McCaw,2461,160,658
686,202412,Manny Harris,1760,105,652
687,202343,Elliot Williams,1744,129,648
688,1499,Tony Battie,2283,190,641
689,1922,Francisco Elson,2771,221,640
690,2431,David Andersen,1582,119,633
691,201157,Sean Williams,2140,153,630
692,2073,Brian Cardinal,2863,262,625
693,1904,Devean George,2405,150,619
694,203900,Markel Brown,1915,123,619
695,699,Brent Barry,1868,118,617
696,2413,Juan Dixon,1707,117,612
697,203948,"Johnny O'Bryant III",1954,165,609
698,1626257,Salah Mejri,2260,186,609
699,1628386,Jarrett Allen,1491,76,605
700,2239,Trenton Hassell,3319,185,603
701,200762,Oleksiy Pecherov,1404,133,594
702,201934,Hasheem Thabeet,2856,259,591
703,1628379,Luke Kennard,1575,78,589
704,2556,Marcus Banks,1423,106,585
705,2205,DeSagana Diop,3956,285,584
706,200776,Mardy Collins,2188,153,577
707,204014,Damjan Rudez,2030,170,574
708,950,Stephon Marbury,1637,72,573
709,1627835,Paul Zipser,1992,115,569
710,200777,Joel Freeland,2186,183,568
711,1510,Brevin Knight,2813,164,558
712,202178,Sundiata Gaines,1412,126,552
713,203515,Phil Pressey,2389,173,551
714,1626173,Rashad Vaughn,1933,154,546
715,200763,Quincy Douby,1386,115,546
716,1626202,Joe Young,1329,148,546
717,202721,Darius Morris,1778,157,544
718,1628366,Lonzo Ball,1838,54,541
719,1626188,Quinn Cook,1254,78,534
720,1626172,Kevon Looney,1873,155,532
721,1628389,Bam Adebayo,1521,80,531
722,1628384,OG Anunoby,1753,86,531
723,203489,Nate Wolters,1770,98,528
724,1731,Tyronn Lue,1382,105,522
725,2243,Brian Scalabrine,2392,227,522
726,1800,Damon Jones,1594,96,521
727,1628404,Josh Hart,1520,67,520
728,1730,Brian Skinner,2163,162,519
729,2408,Melvin Ely,1812,145,512
730,201986,Nando De Colo,1653,138,511
731,1627827,Dorian Finney-Smith,2247,112,508
732,2031,Stromile Swift,1202,85,504
733,203512,Lucas Nogueira,1993,168,499
734,1628370,Malik Monk,994,68,498
735,2215,Jason Collins,3606,304,493
736,200747,Adam Morrison,1491,114,490
737,1627823,Juancho Hernangomez,1386,100,483
738,203940,Adreian Payne,1592,123,483
739,1627851,Mindaugas Kuzminskas,1102,75,480
740,689,Theo Ratliff,2481,176,479
741,1628382,Justin Jackson,1623,73,478
742,200821,Yakhouba Diawara,1895,155,477
743,1627826,Ivica Zubac,1131,92,474
744,201178,Kyrylo Fesenko,1634,172,474
745,1628412,Frank Mason,1095,57,471
746,1627782,Wayne Selden,1166,62,470
747,1628373,Frank Ntilikina,1722,79,468
748,1627819,Isaiah Taylor,1269,80,466
749,101214,Jawad Williams,1486,111,460
750,200835,Walter Herrmann,1238,122,458
751,203949,James Michael McAdoo,1234,158,457
752,1628462,Milos Teodosic,1236,49,456
753,203133,Robbie Hummel,1592,113,445
754,201966,Jermaine Taylor,1032,84,444
755,202724,Charles Jenkins,1442,120,437
756,1626220,"Royce O'Neale",1455,85,437
757,1627738,Deyonta Davis,1251,106,436
758,2424,Dan Dickau,1245,82,435
759,202365,Devin Ebanks,1143,94,427
760,1628416,Tyler Dorsey,1063,61,425
761,202951,Jeremy Pargo,1192,88,423
762,202719,Jeremy Tyler,1176,118,422
763,202732,DeAndre Liggins,2257,201,419
764,1626210,Alan Williams,902,66,418
765,1521,Jacque Vaughn,1634,126,416
766,1627786,Troy Williams,1052,66,416
767,1628467,Maxi Kleber,1275,77,414
768,101146,Roko Ukic,1177,100,412
769,2048,Jamaal Magloire,2147,200,412
770,201595,Joey Dorsey,1740,156,410
771,201632,Hamed Haddadi,1314,186,409
772,203099,Jared Cunningham,1050,109,408
773,201616,Darnell Jackson,1390,166,407
774,203111,Orlando Johnson,1349,132,404
775,952,Antoine Walker,1007,52,403
776,203895,Jordan McRae,886,74,403
777,1088,Chucky Atkins,1513,108,402
778,2788,DJ Mbenga,1523,196,402
779,201602,Kyle Weaver,1520,87,401
780,201446,Mike Taylor,1010,65,400
781,1752,Sean Marks,1593,141,396
782,101153,Mickael Gelabale,1202,82,389
783,1921,Gordan Giricek,1022,68,387
784,203117,Doron Lamb,1364,107,386
785,1627767,Cheick Diallo,912,82,383
786,1628455,Mike James,752,40,380
787,1628380,Zach Collins,1252,76,377
788,201991,Lester Hudson,878,84,376
789,202346,Dominique Jones,1063,97,369
790,757,Damon Stoudamire,1155,72,365
791,1563,Kevin Ollie,1623,131,361
792,202725,Josh Harrellson,1134,100,361
793,203508,Sergey Karasev,1355,108,360
794,203561,Brandon Davies,1221,91,359
795,202779,Dwight Buycks,824,56,356
796,201969,DaJuan Summers,1056,106,356
797,201963,Christian Eyenga,1148,61,352
798,201972,Jon Brockman,1697,159,351
799,1628464,Daniel Theis,994,67,350
800,202407,Elijah Millsap,1315,85,349
801,203113,Quincy Miller,1143,87,349
802,1626273,Marcelo Huertas,1234,85,346
803,1626203,Treveon Graham,1289,95,345
804,1626199,Darrun Hilliard,959,101,342
805,203199,DeQuan Jones,1088,80,335
806,1761,Greg Buckner,1632,105,334
807,1627736,Malik Beasley,897,97,334
808,990,Malik Rose,1102,97,334
809,1628395,Jordan Bell,1035,78,332
810,1627820,Tyrone Wallace,934,34,331
811,1627758,Ron Baker,1382,89,329
812,2078,Jason Hart,1306,133,328
813,201169,Alando Tucker,652,72,327
814,201570,Joe Alexander,903,79,323
815,203197,Diante Garrett,1314,103,322
816,203923,James Young,1125,124,321
817,2226,Will Solomon,832,60,316
818,203123,Kostas Papanikolaou,1320,85,316
819,203921,Cleanthony Early,1002,69,313
820,202376,Luke Harangody,1000,82,308
821,201623,Semih Erden,1104,77,308
822,202701,Nolan Smith,960,92,308
823,201964,Victor Claver,1228,98,306
824,1627770,Kay Felder,735,68,305
825,1628414,Sindarius Thornwell,1194,76,304
826,101118,Sean May,870,76,299
827,203485,Lorenzo Brown,1189,97,299
828,2041,Etan Thomas,1002,82,299
829,203104,Marquis Teague,1211,119,298
830,204037,Travis Wear,964,75,296
831,200817,Pooh Jeter,1008,68,295
832,2745,Kirk Snyder,826,40,294
833,202345,Damion James,1018,67,290
834,1627740,Henry Ellenson,648,67,288
835,1627761,"DeAndre' Bembry",1000,74,288
836,200781,Paul Davis,824,69,287
837,203928,Cory Jefferson,786,74,286
838,203102,Arnett Moultrie,945,70,285
839,1506,Austin Croshere,760,69,281
840,201805,Chris Hunter,798,62,278
841,202726,Andrew Goudelock,645,65,276
842,1626175,Jordan Mickey,758,88,275
843,203956,Mitch McGary,653,57,270
844,1628393,Jawun Evans,877,52,269
845,1626224,Cedi Osman,805,79,268
846,203913,Jabari Brown,674,29,268
847,2260,Jarron Collins,1752,196,267
848,202351,Lazar Hayward,750,90,265
849,976,Jeff McInnis,1529,61,265
850,200784,Bobby Jones,681,56,259
851,202386,Ben Uzoh,891,69,259
852,202366,Jerome Jordan,655,79,257
853,203108,Bernard James,973,114,254
854,203962,Josh Huestis,1307,95,253
855,1628400,Semi Ojeleye,1453,94,251
856,1628411,Wes Iwundu,1098,67,251
857,200822,Pops Mensah-Bonsu,709,68,249
858,203710,C.J. Williams,829,47,247
859,200753,"Patrick O'Bryant",710,96,247
860,101183,Shavlik Randolph,873,104,245
861,200839,Mike Harris,699,79,244
862,923,Donyell Marshall,729,66,244
863,203475,Erick Green,648,65,242
864,1628425,Sterling Brown,854,60,241
865,202419,Chris Johnson,727,87,240
866,2758,David Harrison,753,58,238
867,1626191,Chris McCullough,650,67,238
868,1627884,Derrick Jones Jr.,834,59,238
869,203116,Tyshawn Taylor,627,70,237
870,1502,Adonal Foyle,1009,106,235
871,101136,Salim Stoudamire,492,42,234
872,203902,Semaj Christon,1120,73,230
873,200814,Tarence Kinsey,602,88,228
874,201612,Malik Hairston,705,75,227
875,1628424,Kobi Simmons,691,36,227
876,203315,"Toure' Murry",588,70,226
877,203543,Vitor Faverani,613,45,222
878,1628407,Dwayne Bacon,830,58,222
879,2470,Smush Parker,723,36,219
880,1627781,Malachi Richardson,657,57,218
881,1628390,Terrance Ferguson,863,68,217
882,1627735,Wade Baldwin IV,724,57,215
883,202356,Armon Johnson,562,62,215
884,101194,Anthony Roberson,465,42,214
885,1763,Ryan Bowen,1113,98,214
886,1628397,Ivan Rabb,558,40,213
887,1628422,Damyean Dotson,578,49,213
888,201238,Mario West,1134,210,213
889,201176,Jermareo Davidson,554,61,213
890,1627852,Nicolas Brussino,691,70,211
891,200792,Alexander Johnson,632,51,210
892,1739,Ruben Patterson,567,33,209
893,203464,Brandon Paul,683,74,207
894,1627834,Georgios Papagiannis,603,47,206
895,224,Eddie Jones,1046,55,205
896,1626148,Anthony Brown,946,55,205
897,1956,Ira Newble,779,55,205
898,203545,Miroslav Raduljica,545,58,204
899,200772,Maurice Ager,550,64,203
900,203540,Gigi Datome,491,61,203
901,201633,Rob Kurz,597,55,202
902,1626154,RJ Hunter,651,63,201
903,201785,Othyus Jeffers,582,55,201
904,203920,Khem Birch,725,53,199
905,202716,Jordan Williams,637,43,197
906,200778,James White,623,78,196
907,203906,Devyn Marble,676,57,196
908,201043,Randolph Morris,533,88,195
909,283,Lindsey Hunter,846,89,195
910,203146,Maalik Wayns,455,45,194
911,1628388,TJ Leaf,541,58,193
912,1628463,Tyler Cavanaugh,539,43,192
913,201172,Gabe Pruitt,706,81,191
914,1626780,Jonathan Gibson,375,28,190
915,1627846,Abdel Nader,619,63,190
916,201165,Morris Almond,598,54,190
917,203539,Gal Mekel,674,51,189
918,1628371,Jonathan Isaac,674,33,189
919,203268,Jorge Gutierrez,683,67,187
920,203912,CJ Wilcox,571,85,186
921,202350,Daniel Orton,658,61,185
922,2036,Chris Mihm,554,56,184
923,202809,Cory Higgins,514,50,182
924,2810,Andre Brown,542,49,181
925,1627774,Jake Layman,566,85,181
926,203950,Jarnell Stokes,430,49,180
927,202723,Malcolm Lee,630,44,179
928,1628469,Antonio Blakeney,358,25,178
929,203961,Eric Moreland,954,85,178
930,1627362,Briante Weber,795,58,177
931,1627848,Shawn Long,304,25,176
932,297,Alonzo Mourning,448,29,174
933,201174,Nick Fazekas,435,38,173
934,201181,Chris Richard,1021,89,171
935,201199,DJ Strawberry,497,50,170
936,203919,Jordan Adams,416,44,167
937,87,Dikembe Mutombo,889,59,166
938,1628470,Torrey Craig,655,43,166
939,1627815,Sheldon Mac,430,45,166
940,203495,Ricky Ledo,461,41,165
941,1627855,Okaro White,650,51,163
942,1627863,Danuel House,435,27,161
943,1627814,Damion Lee,406,17,161
944,1626184,Chasson Randle,348,29,160
945,203934,Lamar Patterson,593,54,160
946,101261,Andre Owens,501,38,159
947,2056,Primoz Brezec,673,83,159
948,202227,Terrel Harris,613,55,158
949,202354,Dexter Pittman,486,66,157
950,1627936,Alex Caruso,680,43,156
951,2063,Jake Voskuhl,737,92,156
952,2032,Darius Miles,471,47,156
953,1626174,Christian Wood,388,40,155
954,1627790,Ante Zizic,309,45,154
955,2418,Casey Jacobsen,671,60,154
956,1627885,Shaquille Harrison,387,23,152
957,1507,Derek Anderson,431,31,149
958,203910,Nick Johnson,561,53,148
959,202220,Zabian Dowdell,357,29,148
960,201207,Coby Karl,483,49,146
961,203119,Kim English,500,47,143
962,1626254,Maurice Ndour,514,42,143
963,1626214,Bryce Dejean-Jones,409,21,141
964,353,Darrell Armstrong,622,54,141
965,201336,Blake Ahearn,310,30,137
966,2212,Steven Hunter,418,51,137
967,1628436,Luke Kornet,330,21,136
968,202091,Dionte Christmas,398,48,136
969,2741,Robert Swift,552,39,135
970,109,Robert Horry,749,61,135
971,202874,Chris Wright,351,39,134
972,200978,Jeremy Richardson,362,52,134
973,202712,Justin Harper,379,37,134
974,203966,Jamil Wilson,442,28,133
975,203139,Viacheslav Kravtsov,380,57,133
976,1627780,Gary Payton II,448,39,130
977,203810,Casper Ware,306,18,130
978,1903,Kenny Thomas,932,73,129
979,101204,Dwayne Jones,771,89,129
980,203893,Russ Smith,290,40,129
981,203318,Glen Rice,335,27,128
982,201605,Nathan Jawai,442,47,128
983,201186,Stephane Lasme,431,26,127
984,202707,JaJuan Johnson,328,40,127
985,203955,Bryce Cotton,290,30,125
986,204066,John Holland,301,33,125
987,200827,Darius Washington,291,26,123
988,1727,Pat Garrity,420,39,122
989,203128,Furkan Aldemir,652,47,122
990,1628365,Markelle Fultz,322,19,121
991,1766,Maceo Baston,387,53,120
992,202363,Jarvis Varnado,461,43,119
993,1626151,Aaron Harrison,498,47,119
994,1886,Jonathan Bender,292,25,118
995,204002,Edy Tavares,309,27,116
996,201234,Trey Johnson,336,42,116
997,201242,Thomas Gardner,290,35,115
998,204067,Jarell Eddie,333,48,114
999,1628405,Johnathan Motley,205,14,113
1000,136,P.J. Brown,548,43,112
1001,203998,Bruno Caboclo,493,56,112
1002,202729,Josh Selby,397,46,112
1003,201606,Sean Singletary,374,43,111
1004,201634,DeMarcus Nelson,300,19,110
1005,204098,Xavier Munford,375,26,110
1006,2648,Ronald Dupree,366,37,110
1007,1913,Michael Ruffin,754,64,109
1008,203963,Shayne Whittington,241,36,108
1009,1627988,Myke Henry,380,20,107
1010,1628403,Caleb Swanigan,309,34,107
1011,1627858,Kyle Collinsworth,533,37,107
1012,202068,Marcus Landry,313,37,105
1013,2852,Awvee Storey,297,30,103
1014,203158,Kevin Jones,369,37,102
1015,1627816,Alex Poythress,303,36,101
1016,2739,Luke Jackson,321,22,100
1017,202933,Julyan Stone,724,90,100
1018,201592,J.R. Giddens,390,52,99
1019,1626253,Axel Toupane,396,28,98
1020,202382,Derrick Caracter,270,46,96
1021,2109,Eddie Gill,392,35,96
1022,1628681,Rodney Purvis,291,16,96
1023,1628409,Alec Peters,247,24,94
1024,1627824,Guerschon Yabusele,351,49,94
1025,1627883,Jalen Jones,219,21,94
1026,101165,Alex Acker,247,31,93
1027,1883,Steve Francis,290,15,93
1028,1627762,Joel Bolomboy,186,29,92
1029,201629,Othello Hunter,292,38,91
1030,203491,Peyton Siva,374,30,90
1031,1628401,Derrick White,211,24,89
1032,201041,Walker Russell,378,32,89
1033,204022,Jack Cooley,241,33,88
1034,203517,Nemanja Nedovic,282,36,88
1035,201182,Derrick Byars,249,17,87
1036,1626176,Rakeem Christmas,288,39,86
1037,2867,Kasib Powell,304,11,84
1038,203479,Jamaal Franklin,293,34,84
1039,200793,Dee Brown,467,31,83
1040,1607,Troy Hudson,198,13,83
1041,1627879,Nicolas Laprovittola,227,23,82
1042,1627773,AJ Hammons,243,29,82
1043,1628503,Jamel Artis,286,16,82
1044,1711,Raef LaFrentz,368,44,81
1045,202406,Jerome Dyson,200,12,81
1046,201208,Darryl Watkins,352,31,81
1047,1628439,Isaiah Hicks,240,19,80
1048,203136,Ognjen Kuzmic,335,51,80
1049,1627875,Marcus Georges-Hunt,297,52,79
1050,201193,Demetris Nichols,236,36,79
1051,202952,Malcolm Thomas,333,43,79
1052,1627850,Marshall Plumlee,295,37,78
1053,203505,Vander Blue,249,20,78
1054,1627787,Kyle Wiltjer,160,24,78
1055,1627777,Georges Niang,215,41,76
1056,200823,Robert Hite,191,12,76
1057,202620,Arinze Onuaku,275,34,76
1058,2751,Viktor Khryapa,288,18,75
1059,201173,Marcus Williams,240,32,75
1060,200788,James Augustine,240,31,75
1061,203162,Ben Hansbrough,278,39,74
1062,203126,Kris Joseph,195,23,74
1063,1628492,Gian Clavell,169,13,73
1064,201203,Mustafa Shakur,243,33,73
1065,203129,Tornike Shengelia,296,48,73
1066,358,Anfernee Hardaway,398,19,72
1067,1425,Aaron Williams,317,32,72
1068,202717,Trey Thompkins,147,26,72
1069,202148,Mickell Gladness,349,36,72
1070,1627744,Brice Johnson,181,28,70
1071,2824,Desmon Farmer,183,10,70
1072,203474,DJ Stephens,173,15,70
1073,202918,Xavier Silas,148,15,69
1074,101209,Devin Green,223,13,69
1075,1628510,Andrew White III,215,16,69
1076,203946,Cameron Bairstow,258,42,69
1077,1627853,Ryan Arcidiacono,429,33,68
1078,202081,Garret Siler,166,29,67
1079,2668,Josh Davis,244,25,67
1080,2366,Mike Wilks,313,26,67
1081,1627745,Damian Jones,237,36,66
1082,200847,Brandon Bowman,114,7,66
1083,200754,Mouhamed Sene,136,23,65
1084,202728,Keith Benson,136,14,65
1085,1559,Adrian Griffin,350,37,65
1086,201192,Taurean Green,163,23,64
1087,1626177,Dakari Johnson,200,36,64
1088,204079,Drew Gordon,167,15,64
1089,1720,Michael Doleac,279,26,63
1090,203580,Larry Drew II,300,24,63
1091,1628432,Davon Reed,242,21,63
1092,1626182,Jonathan Holmes,119,8,62
1093,2035,DerMarr Johnson,125,10,61
1094,1627743,Demetrius Jackson,186,29,61
1095,202342,Craig Brackins,198,23,60
1096,201235,Courtney Sims,136,18,60
1097,200816,Jorge Garbajosa,184,12,60
1098,203705,Josh Magette,277,26,59
1099,2499,Richie Frahm,184,12,59
1100,203996,Damien Inglis,214,23,59
1101,200856,Brian Chase,120,7,59
1102,101215,Will Conroy,202,19,58
1103,43229,Jeff Allen,104,4,57
1104,202360,Andy Rautins,184,18,57
1105,202082,Larry Owens,230,22,57
1106,201998,Curtis Jerrells,187,13,56
1107,203263,James Nunnally,199,16,53
1108,200798,Cheikh Samb,249,32,53
1109,203467,Carrick Felix,163,17,53
1110,43211,Marcelinho Machado,88,3,53
1111,1628444,Jabari Bird,140,16,52
1112,1916,Calvin Booth,325,45,52
1113,1627784,Jarrod Uthoff,154,12,51
1114,203569,Chris Babb,234,25,51
1115,202374,Solomon Alabi,229,35,51
1116,1627788,Furkan Korkmaz,142,20,50
1117,203959,Scottie Wilbekin,87,5,50
1118,1626205,Vincent Hunter,103,11,49
1119,43240,Demontez Stitt,143,4,49
1120,202814,Mychel Thompson,218,12,49
1121,42565,David Cubillan,116,3,48
1122,203122,Kevin Murphy,114,26,48
1123,204065,David Stockton,95,13,47
1124,2669,Linton Johnson,203,30,47
1125,15,Eric Piatkowski,134,19,47
1126,1628035,Alfonzo McKinnie,113,19,46
1127,1628476,Derrick Walton Jr.,211,22,46
1128,203502,Tony Mitchell,179,31,46
1129,1628391,D.J. Wilson,153,26,46
1130,202731,Vernon Macklin,139,24,46
1131,953,Lorenzen Wright,343,41,46
1132,1627757,Stephen Zimmerman,167,24,46
1133,970,Othella Harrington,166,22,46
1134,43181,Jeremy Pargo,75,2,45
1135,200971,Dontell Jefferson,163,15,45
1136,200799,Guillermo Diaz,104,13,45
1137,1626288,Joshua Smith,110,7,45
1138,200759,Cedric Simmons,212,37,44
1139,1627817,Tim Quarterman,114,24,44
1140,43230,Brody Angley,154,4,44
1141,1962937156,Oz Blayzer,145,5,44
1142,2409,Marcus Haislip,123,16,44
1143,201619,Sasha Kaun,228,33,43
1144,1627849,Daniel Ochefu,208,32,43
1145,200818,Justin Williams,166,29,43
1146,1741,Jelani McCoy,158,16,42
1147,204077,Michael Jenkins,124,7,42
1148,203958,Andre Dawkins,91,8,42
1149,203565,Patrick Christopher,108,12,42
1150,1627821,James Webb III,209,16,41
1151,203510,Pierre Jackson,126,12,41
1152,200801,Hassan Adams,174,22,41
1153,43221,Jerome Meyinsse,76,3,41
1154,202394,Matt Janning,128,9,41
1155,201621,Joe Crawford,93,13,40
1156,42569,Brian Randle,90,3,40
1157,203528,Romero Osby,108,7,40
1158,239,Darrick Martin,170,19,40
1159,203990,Drew Crawford,135,7,40
1160,203159,Scott Machado,181,23,40
1161,201183,Adam Haluska,69,7,39
1162,204075,Talib Zanna,145,11,39
1163,201291,Carldell Johnson,163,18,39
1164,1513,Scot Pollard,173,22,39
1165,1627753,Zhou Qi,156,26,38
1166,202395,Sherron Collins,214,28,38
1167,202353,Tibor Pleiss,142,18,38
1168,1626259,Malcolm Miller,128,16,38
1169,43192,Sylven Landesberg,61,2,37
1170,1628515,Isaiah Briscoe,66,6,37
1171,202545,Luke Zeller,133,21,37
1172,202378,Willie Warren,141,20,37
1173,202808,Chris Daniels,65,5,37
1174,202715,Tyler Honeycutt,154,27,36
1175,1626242,Luis Montero,90,26,36
1176,2857,Andre Barrett,124,12,36
1177,42572,Donta Smith,118,3,36
1178,200790,Marcus Vinicius,96,16,36
1179,2782,Matt Freije,61,5,35
1180,185,Chris Webber,126,9,35
1181,202622,Courtney Fortson,99,11,35
1182,202371,Gani Lawal,123,15,35
1183,203483,Kenny Kadji,65,7,35
1184,1626272,Lazeric Jones,86,6,35
1185,203564,Kalin Lucas,103,14,35
1186,202070,Tony Gaffney,130,14,35
1187,101247,Keith Langford,100,7,35
1188,204029,Brady Heslip,53,8,34
1189,203091,Royce White,153,12,34
1190,1628495,Milton Doyle,124,10,34
1191,1628502,Nigel Hayes,152,13,33
1192,202841,Cameron Jones,80,8,33
1193,992,Marcus Brown,80,3,33
1194,1628499,Antonius Cleveland,141,19,33
1195,202408,Marcus Cousin,115,11,33
1196,42584,Milos Teodosic,46,2,33
1197,201650,JaJuan Smith,68,7,33
1198,1627772,Daniel Hamilton,87,9,32
1199,1627982,Josh Gray,87,5,32
1200,2471,Mike Batiste,58,2,32
1201,201781,Russell Robinson,102,5,32
1202,1627771,Michael Gbinije,98,15,32
1203,2043,Mateen Cleaves,152,9,32
1204,203805,Will Cherry,139,13,32
1205,2242,Terence Morris,74,3,32
1206,101182,Donell Taylor,85,7,31
1207,1628504,Xavier Rathan-Mayes,143,8,31
1208,204179,Omari Johnson,98,8,31
1209,1627779,Marcus Paige,60,10,31
1210,52526,Angel Rodriguez,53,2,31
1211,204054,Zoran Dragic,85,18,31
1212,1628418,Thomas Bryant,116,19,31
1213,201225,Carlos Powell,59,5,31
1214,42582,Jeremy Pargo,79,2,31
1215,43216,Marcus Vinicius,95,3,30
1216,201191,JamesOn Curry,124,9,30
1217,202727,Travis Leslie,102,15,30
1218,1626269,Denzel Livingston,46,4,30
1219,43300,Andrew Goudelock,39,1,30
1220,1627778,Chinanu Onuaku,112,12,30
1221,203176,Kyle Fogg,48,3,30
1222,201821,Trey Gilder,81,10,30
1223,203945,Alex Kirk,88,10,30
1224,203511,Grant Jerrett,86,12,30
1225,42568,Ike Ofoegbu,76,3,29
1226,43235,Hector Hernandez,95,4,29
1227,1627293,Alex Stepheson,100,11,29
1228,1627866,Jameel Warney,54,6,29
1229,101223,Aaron Miles,98,7,28
1230,43213,Nicolas Laprovittola,91,3,28
1231,1628396,Tony Bradley,70,14,28
1232,1628537,Jaylen Morris,100,6,28
1233,202380,Hamady Ndiaye,226,46,28
1234,2589,Sani Becirovic,58,2,27
1235,204039,Chris Crawford,102,9,27
1236,1962937763,Josh Akognon,41,1,27
1237,202079,Antonio Anderson,103,8,27
1238,201594,Walter Sharpe,105,15,27
1239,43217,Olivinha,66,3,27
1240,1962937553,Willy Workman,119,4,27
1241,1628443,Kadeem Allen,120,21,26
1242,201286,Eric Dawson,86,8,26
1243,43239,Anton Shoutvin,56,4,26
1244,43236,Leroy Hickerson,53,4,26
1245,202458,Justin Dentmon,100,9,26
1246,101158,Orien Greene,143,18,26
1247,2071,Olumide Oyedeji,24,1,25
1248,203178,Wesley Witherspoon,47,3,25
1249,203513,Erik Murphy,206,36,25
1250,43241,Dagan Yivzori,40,2,25
1251,201981,Taylor Griffin,110,16,25
1252,43233,Alex Chubrevich,82,4,25
1253,1626270,Will Cummings,75,6,25
1254,201232,Jared Newson,66,7,25
1255,201281,Andre Ingram,64,2,24
1256,201607,Patrick Ewing,69,16,24
1257,1626160,JP Tokoto,88,8,24
1258,43238,Rene Rougeau,134,4,24
1259,101117,Yaroslav Korolev,70,6,24
1260,101180,Sarunas Jasikevicius,56,2,24
1261,1626165,Brandon Ashley,155,12,24
1262,1627856,Matt Costello,111,10,23
1263,43219,Cristiano Felicio,52,3,23
1264,42575,Vitaly Fridzon,58,2,23
1265,42571,Moran Roth,66,3,23
1266,201622,Deron Washington,46,7,23
1267,202423,Chris Kramer,93,4,23
1268,202238,Kenny Hasbrouck,121,5,23
1269,42579,Victor Khryapa,59,2,23
1270,1627754,Diamond Stone,67,13,22
1271,203964,Roscoe Smith,105,7,22
1272,203149,Micheal Eric,68,6,22
1273,52611,Jerome Meyinsse,30,1,22
1274,727,Eric Snow,306,22,22
1275,1962937771,Nick Minnerath,46,1,22
1276,1628408,PJ Dozier,67,6,22
1277,202963,Jerome Randle,35,2,22
1278,203519,Adonis Thomas,94,12,22
1279,1892,Trajan Langdon,67,2,22
1280,201184,Reyshawn Terry,36,5,22
1281,203190,Micah Downs,62,7,21
1282,1907,Vonteego Cummings,40,1,21
1283,1628387,Ike Anigbogu,56,13,21
1284,2058,Mark Madsen,357,47,21
1285,202810,D.J. Kennedy,108,8,21
1286,42580,Nenad Krstic,62,2,21
1287,43210,Walter Herrmann,86,3,21
1288,1626146,Cliff Alexander,81,14,21
1289,200786,David Noel,88,5,21
1290,202132,Cedric Jackson,79,14,20
1291,203547,Eric Griffin,63,11,20
1292,44839,Travis Trice,30,1,20
1293,101151,Erazem Lorbek,47,2,20
1294,2677,Kevin Lyde,50,6,20
1295,2552,Michael Sweetney,39,6,20
1296,42573,Dagan Yivzuri,71,4,19
1297,42578,Sasha Kaun,60,2,19
1298,42544,Bojan Bogdanovic,31,1,19
1299,203548,Elias Harris,89,9,19
1300,42551,Dairis Bertans,17,1,19
1301,1628420,Monte Morris,39,6,19
1302,203589,Olek Czyz,42,4,19
1303,2565,Zoran Planinic,39,2,18
1304,27002,Sani Sakakini,37,1,18
1305,2033,Marcus Fizer,34,1,18
1306,1628475,Matt Williams Jr.,50,9,18
1307,2770,Justin Reed,28,3,18
1308,43207,Jamel Mclean,25,1,18
1309,1908,Jumaine Jones,68,4,18
1310,1627825,Rade Zagorac,50,5,18
1311,2357,Tierre Brown,43,4,18
1312,204040,Ronald Roberts Jr.,46,7,18
1313,52606,Marcos Mata,33,1,18
1314,1628429,Charles Cooke,76,17,18
1315,1626183,Branden Dawson,53,10,17
1316,201645,Tre Kelley,54,6,17
1317,203130,Darius Johnson-Odom,60,13,17
1318,203480,James Southerland,39,6,17
1319,43187,Guy Pnini,47,2,17
1320,1962937545,Will Graves,89,4,17
1321,1626207,Ryan Boatright,56,4,17
1322,203579,Khalif Wyatt,47,4,17
1323,2525,Milos Vujanic,40,2,17
1324,1626217,Chris Walker,24,3,17
1325,1627215,Walter Lemon Jr.,35,5,17
1326,52600,Gustavo Nicolas Agurre,35,1,17
1327,2873,Billy Thomas,48,14,17
1328,201226,Kevin Kruger,61,5,17
1329,42587,Sonny Weems,21,1,16
1330,2765,Andre Emmett,52,8,16
1331,202077,Jerel McNeal,51,9,16
1332,202377,Pape Sy,57,9,16
1333,1627867,Keith Hornsby,49,5,16
1334,1627768,Perry Ellis,37,2,16
1335,1628493,Mangok Mathiang,36,8,16
1336,2091,Daniel Santiago,30,2,16
1337,2646,Kris Lang,47,5,16
1338,278,Stacey Augmon,94,5,16
1339,42576,Kyle Hines,48,2,16
1340,202775,Edwin Ubiles,56,5,16
1341,52607,Gabriel Deck,35,1,16
1342,43184,Brian Randle,32,1,16
1343,2876,Jared Reiner,36,4,16
1344,43206,Clifford Hammonds,32,1,15
1345,42581,Vladimir Micov,65,2,15
1346,43204,Alex Renfoe,29,1,15
1347,43214,Vitor Benite,78,3,15
1348,43183,Devin Smith,52,2,15
1349,1627791,Ben Bentil,49,6,15
1350,1627868,Patricio Garino,99,9,15
1351,202417,Stephen Dennis,75,6,15
1352,201651,James Mays,42,4,15
1353,2469,Pat Burke,61,4,15
1354,2049,Speedy Claxton,83,7,15
1355,200837,Mike Hall,66,6,15
1356,43310,Oguz Savas,21,1,15
1357,204076,Richard Solomon,35,3,14
1358,1627861,Mike Tobey,63,4,14
1359,203586,Charlie Westbrook,33,5,14
1360,42561,Roger Grimau,30,1,14
1361,201613,Richard Hendrix,37,3,14
1362,1962937734,Brad Newley,29,1,14
1363,203551,Dee Bost,43,4,14
1364,203951,Keith Appling,90,12,14
1365,203097,Fab Melo,110,17,14
1366,42554,Axel Hervelle,29,1,14
1367,203929,Melvin Ejim,33,4,14
1368,203587,Courtney Fells,37,3,14
1369,203927,CJ Fair,61,7,14
1370,1628935,Aaron Jackson,52,8,13
1371,202421,Ryan Thompson,44,5,13
1372,42531,Bo McCalebb,24,1,13
1373,101232,Roger Powell,20,5,13
1374,52601,Santiago Scala,25,1,13
1375,202400,Anthony Mason,71,3,13
1376,1962937735,Kevin Lisch,30,1,13
1377,51956,Josh Boone,29,1,13
1378,61,Carl Herrera,23,2,13
1379,201620,James Gist,43,4,13
1380,2508,Gabe Muoneke,43,5,13
1381,202375,Magnum Rolle,49,7,13
1382,43186,Alex Tyus,32,1,13
1383,1626643,Jacob Pullen,33,7,13
1384,202075,Luke Nevill,45,6,13
1385,27021,Tom Jervis,30,1,13
1386,27024,Tai Wesley,31,1,13
1387,200510,Charles Gaines,30,4,13
1388,1962937813,Grant Jerrett,11,1,12
1389,1626294,Jaleel Roberts,36,8,12
1390,1627882,Andrew Andrews,31,3,12
1391,1628511,James Blackmon Jr.,22,4,12
1392,203560,E.J. Singler,54,6,12
1393,1962937546,Daniel Koperberg,62,3,12
1394,204189,Jaron Johnson,28,6,12
1395,204053,Shawn Jones,66,4,12
1396,101125,Julius Hodge,33,4,12
1397,203466,CJ Leslie,36,5,12
1398,203968,Jerrelle Benimon,50,8,12
1399,267634,Milos Teodosic,42,2,12
1400,43201,Reggie Redding,33,1,12
1401,203905,Aaron Craft,59,4,12
1402,200785,Kosta Perovic,53,8,12
1403,27033,Frederic Bourdillon,79,3,12
1404,202074,Raymond Sykes,38,4,12
1405,203183,Tony Mitchell,27,6,11
1406,1627322,Bo McCalebb,56,4,11
1407,42552,German Gabriel,19,1,11
1408,1962937770,Luo Hanchen,27,1,11
1409,42557,Raul Lopez,32,1,11
1410,203327,Daniel Nwaelele,37,3,11
1411,56043,Alessandro Gentile,35,1,11
1412,1962937737,Jason Cadee,28,1,11
1413,57237,Perrin Buford,30,1,11
1414,43311,Luka Zoric,19,1,11
1415,1962937736,Todd Blanchfield,34,1,11
1416,1628513,Naz Mitrou-Long,15,3,11
1417,1627760,Cat Barber,19,2,11
1418,204222,Greg Whittington,64,4,11
1419,202385,Ryan Reid,22,7,11
1420,204062,Casey Prather,37,2,11
1421,202197,Shane Edwards,58,9,11
1422,201180,Sun Sun,70,16,11
1423,201983,Goran Suton,52,6,10
1424,1628512,Matt Jones,58,4,10
1425,52608,Mathias Calfani,24,1,10
1426,202820,Jarrid Famous,52,7,10
1427,27016,Daniel Kickert,33,1,10
1428,43218,Gege Chaia,58,3,10
1429,202383,Stanley Robinson,41,5,10
1430,202359,Darington Hobson,78,7,10
1431,1626304,Youssou Ndoye,31,3,10
1432,43185,Nate Linhart,31,2,10
1433,1628506,London Perrantes,75,16,10
1434,76114,Ernie Barrett,34,2,10
1435,949,Shareef Abdur-Rahim,54,7,10
1436,1744,Jerome James,15,4,10
1437,42563,Sherwood Brown,27,2,10
1438,201185,Jared Jordan,51,7,10
1439,1626193,Robert Upshaw,54,4,10
1440,201635,Brandon Heath,45,6,10
1441,201197,Sammy Mejia,54,6,10
1442,201237,Brent Petway,32,3,10
1443,203942,Patric Young,66,7,10
1444,203472,Deshaun Thomas,29,2,9
1445,42545,Emir Preldzic,26,1,9
1446,203566,Mickey McConnell,44,5,9
1447,1962937808,Stephen Holt,30,1,9
1448,200575,Romel Beck,19,2,9
1449,202446,Jamar Smith,55,4,9
1450,1032,Darvin Ham,96,8,9
1451,202862,Dennis Horner,44,10,9
1452,200918,Rod Benson,22,4,9
1453,1962937728,Mingxing Ju,30,1,9
1454,203163,Carleton Scott,51,3,9
1455,2632,Kirk Penney,17,1,9
1456,1626251,Duje Dukan,33,2,9
1457,42564,Alex Chubrevich,36,3,9
1458,42555,Antanas Kavaliauskas,31,1,9
1459,43313,Jan Vesely,23,1,9
1460,202420,Eric Boateng,92,6,8
1461,2254,Loren Woods,33,9,8
1462,43189,Yogev Ohayon,35,2,8
1463,202536,Jerry Smith,49,6,8
1464,202770,Tristan Thompson,22,1,8
1465,201195,Herbert Hill,35,4,8
1466,1626305,Nick Minnerath,29,3,8
1467,448,Bo Outlaw,32,5,8
1468,763,Tony Massenburg,34,4,8
1469,42570,Ben Reis,52,3,8
1470,43301,Richard Hickman Jr.,29,1,8
1471,200390,Cheyne Gadson,37,5,8
1472,202392,Marqus Blakely,37,5,8
1473,56054,Mirza Begic,37,2,8
1474,42560,Zoran Vrkic,18,1,8
1475,45842,Adam Gibson,24,1,8
1476,101230,Noel Felix,21,5,8
1477,1628516,Terry Henderson,39,2,8
1478,1626187,Michael Frazier,52,4,8
1479,201636,CJ Giles,44,5,8
1480,42550,Fran Pilepic,17,1,7
1481,204030,Mitchell Watt,19,2,7
1482,42535,Melih Mahmutoglu,18,1,7
1483,201802,Oliver Lafayette,22,1,7
1484,43188,Jake Cohen,30,2,7
1485,200951,Chris Ellis,29,3,7
1486,2866,Jackie Butler,22,3,7
1487,202586,DeShawn Sims,12,3,7
1488,204289,Nick Wiggins,14,4,7
1489,52610,Matias Sandes,18,1,7
1490,101212,Esteban Batista,19,1,7
1491,204026,Brock Motum,10,1,7
1492,1962937170,Netanel Artzi,44,4,7
1493,1962937772,Shi Yuchen,15,1,7
1494,202957,Drew Neitzel,18,2,7
1495,43197,Alex King,21,1,7
1496,203262,Mac Koshwal,26,3,7
1497,1628528,Ike Iroegbu,17,1,7
1498,201351,Ron Howard,31,4,6
1499,203164,Lance Goulbourne,19,6,6
1500,43315,Emir Preldzic,30,1,6
1501,201642,Taj McCullough,19,2,6
1502,203520,Livio Jean-Charles,45,5,6
1503,1626186,Corey Hawkins,14,2,6
1504,1626262,Coty Clarke,6,4,6
1505,201249,Jamaal Tatum,29,5,6
1506,42541,James Birsen,21,1,6
1507,27012,Yifeng Heng,22,1,6
1508,1628571,Erik McCree,29,6,6
1509,203947,Jordan Bachynski,6,2,6
1510,43200,Marko Banic,18,1,6
1511,1628500,Ben Moore,36,4,6
1512,2441,Jamal Sampson,23,5,6
1513,43196,Niels Giffy,23,1,6
1514,203509,Myck Kabongo,5,1,6
1515,42542,Kenan Sipahi,22,1,6
1516,201015,Antywane Robinson,44,8,6
1517,43302,Nemanja Bjelica,21,1,6
1518,55374,Issac Humphries,19,1,6
1519,1626295,Nnanna Egwu,43,5,6
1520,1627881,Rasheed Sulaimon,34,4,6
1521,42558,Jackie Carmichael,17,1,6
1522,202065,Shaun Pruitt,47,5,6
1523,203180,Hank Thorns,16,5,6
1524,201993,Robert Dozier,42,4,6
1525,203577,Carlos Morais,21,3,6
1526,43234,Will Frisby,24,3,6
1527,200857,Elton Brown,26,5,6
1528,201610,Trent Plaisted,37,5,6
1529,203648,Thanasis Antetokounmpo,20,5,6
1530,1628496,Jeremy Senglin,5,1,6
1531,200855,Frans Steyn,15,1,5
1532,1627818,Kaleb Tarczewski,22,2,5
1533,203317,Tim Ohlbrecht,24,4,5
1534,203006,Josh Akognon,9,3,5
1535,202464,Devin Sweetney,14,4,5
1536,201820,Josh Davis,29,1,5
1537,201631,Steven Hill,29,4,5
1538,1983,Jermaine Jackson,41,4,5
1539,201213,Larry Turner,10,2,5
1540,42553,Alex Mumbru,30,1,5
1541,200849,Jackie Manuel,22,5,5
1542,1628399,Tyler Lydon,28,6,5
1543,101243,Chris Alexander,8,4,5
1544,1626189,Terran Petteway,22,3,5
1545,43306,Bogdan Bogdanovic,19,1,5
1546,2827,Darius Rice,22,3,5
1547,1626266,"JJ O'Brien",33,8,5
1548,1627873,Shawn Dawson,10,3,5
1549,43208,Leon Radosevic,21,1,5
1550,202217,Jeremy Wise,4,1,4
1551,2051,Donnell Harvey,19,2,4
1552,1962937766,Zhang Zhaoxu,26,1,4
1553,1626290,Corey Webster,21,3,4
1554,42566,Uri Kokia,43,3,4
1555,1626280,Sam Thompson,31,5,4
1556,1626275,Travis Trice II,14,2,4
1557,27015,Anthony Petrie,17,1,4
1558,203174,Tyler Wilkerson,7,2,4
1559,203153,Reeves Nelson,33,3,4
1560,42567,Ido Kozikaro,36,3,4
1561,202912,Frank Hassell,20,2,4
1562,202880,Jeff Foote,39,4,4
1563,1628579,Taylor Braun,4,2,4
1564,27026,Craig Moller,13,1,4
1565,202405,Tweety Carter,4,1,4
1566,203556,Trent Lockett,5,2,4
1567,43203,Vojdan Stojanovski,6,1,4
1568,43182,Marquez Haynes,29,2,4
1569,42577,Aaron Jackson,30,2,4
1570,1628494,T.J. Williams,30,3,4
1571,41621,Gal Mekel,13,2,4
1572,1627765,Elgin Cook,18,2,4
1573,200555,TJ Cummings,17,1,4
1574,200583,Brandon Robinson,9,1,4
1575,200807,Will Blalock,27,4,4
1576,42540,Luka Zoric,17,1,4
1577,204027,Josh Davis,19,3,4
1578,1628453,Melo Trimble,3,1,4
1579,1628451,Jacob Wiley,33,5,4
1580,42538,Gasper Vidmar,25,1,4
1581,204021,Sim Bhullar,4,5,4
1582,201231,Nik Caner-Medley,10,1,4
1583,43202,Jonas Wohlfarth Botterman,13,1,4
1584,1627862,Beau Beech,8,1,3
1585,1627954,Scott Wood,12,2,3
1586,1962937773,Tseng Wenting,21,1,3
1587,203590,Trey McKinney-Jones,8,3,3
1588,203687,Reggie Hearn,8,4,3
1589,203198,Kevin Anderson,5,1,3
1590,1626296,Jordan Sibert,31,5,3
1591,101134,Wayne Simien,17,1,3
1592,1628041,Vashil Fernandez,14,2,3
1593,1628491,Derek Willis,2,1,3
1594,203196,Ronnie Aguilar,32,4,3
1595,162777,Georges Niang,9,1,3
1596,1628176,LaDontae Henton,11,2,3
1597,203147,Chris Smith,22,5,3
1598,204071,Stephen Holt,2,1,3
1599,27020,Shaun Bruce,14,1,3
1600,201649,Vernon Hamilton,46,9,3
1601,201647,Marcus Hubbard,12,1,3
1602,202954,Brad Wanamaker,19,2,3
1603,1627383,Luke Martinez,19,1,3
1604,1962937742,Adam Thoseby,7,1,3
1605,1626260,Levi Randolph,0,2,3
1606,1962937738,Sam Daly,5,1,3
1607,1628578,Amida Brimah,10,2,3
1608,27025,Kyle Adnam,9,1,3
1609,1628575,Jaylen Johnson,11,4,3
1610,42537,Izzet Turkyilmaz,10,1,3
1611,1627829,Julian Jacobs,11,2,3
1612,1627938,J.J. Avila,5,2,3
1613,200984,Lance Allred,16,5,3
1614,203529,Arsalan Kazemi,16,2,2
1615,1628437,George de Paula,5,1,2
1616,1627766,Isaiah Cousins,12,2,2
1617,201001,Andre Patterson,25,3,2
1618,1628431,V.J. Beachem,4,1,2
1619,203965,Justin Cobbs,9,2,2
1620,1628433,L.J. Peak,7,2,2
1621,201204,Brandon Wallace,29,6,2
1622,43199,Akeem Vargas,18,1,2
1623,2079,Kaniel Dickens,11,5,2
1624,42534,Baris Ermis,9,1,2
1625,2245,Damone Brown,42,5,2
1626,200848,Steven Smith,6,3,2
1627,1628410,Edmond Sumner,2,1,2
1628,1627258,Sampson Carter,23,5,2
1629,201236,Lukasz Obrzut,10,2,2
1630,1628456,Jeremy Morgan,16,2,2
1631,201240,Brad Stricker,16,4,2
1632,204034,Luke Hancock,9,1,2
1633,201641,Curtis Sumpter,14,2,2
1634,203195,Michael Dunigan,27,4,2
1635,200805,JR Pinnock,14,1,2
1636,203192,Demonte Harper,4,3,2
1637,1628473,Yakuba Ouattara,3,1,2
1638,201648,Frank Robinson,16,3,2
1639,204061,Joe Jackson,7,1,2
1640,101160,Lawrence Roberts,16,4,2
1641,201657,Gerry McNamara,15,1,2
1642,201731,Kurt Looby,6,1,2
1643,2596,Tommy Smith,5,1,2
1644,201776,David Monds,5,1,2
1645,27034,Roi Huber,38,3,2
1646,203816,Scotty Hopson,15,3,2
1647,202071,Michael Fey,9,1,2
1648,1962937768,Luo Zhi,16,1,2
1649,1626201,Wesley Saunders,7,2,2
1650,203576,Rodney Williams,32,2,2
1651,202213,Connor Atchley,8,3,2
1652,1626219,Juwan Staten,10,1,2
1653,43237,Ike Ofoegbu,29,3,2
1654,1628421,Devin Robinson,13,1,2
1655,202393,Vernon Goodridge,5,1,2
1656,1628383,Justin Patton,4,1,2
1657,1627880,Quincy Ford,12,1,2
1658,2773,Tim Pickett,1,1,2
1659,1628535,Jordan Mathews,5,1,2
1660,202518,Kammron Taylor,7,3,2
1661,202872,Durrell Summers,10,2,2
1662,1962937765,Zhai Yi,15,1,2
1663,203203,Chris Wright,16,5,2
1664,1626258,Corey Walden,27,4,2
1665,1628677,Durand Scott,7,1,2
1666,1628679,Daniel Dixon,0,1,2
1667,27001,Xuedong Luo,27,1,2
1668,1962937762,Tang Zihao,5,1,2
1669,244,Dee Brown,5,1,2
1670,202904,Gilbert Brown,23,2,2
1671,1626263,Shannon Scott,15,2,2
1672,27007,Zhun Zheng,5,1,2
1673,27008,Yingjun Chen,10,1,2
1674,27009,Ziming Fan,4,1,2
1675,1628174,Alex Hamilton,3,1,2
1676,203155,Oscar Bellfield,13,2,2
1677,43194,Aleks Maric,46,2,2
1678,203185,Carlon Brown,20,6,2
1679,1962937759,Cai Liang,27,1,2
1680,1962937740,Dane Pineau,18,1,2
1681,27017,Matthew Kenyon,10,1,2
1682,974,Joseph Blair,11,1,1
1683,1627887,Trey Freeman,4,1,1
1684,27019,Reuben Te Rangi,5,1,1
1685,2809,Gerald Fitch,3,1,1
1686,202418,Matt Rogers,17,4,1
1687,2737,Rafael Araujo,5,2,1
1688,1962937071,Luka Doncic,16,1,1
1689,203193,Dallas Lauderdale,9,4,1
1690,201646,Brian Hamilton,24,4,1
1691,1628454,Mike Young,10,2,1
1692,200852,Antoine Hood,3,1,1
1693,200894,"Isma'il Muhammad",24,2,1
1694,1626208,Keifer Sykes,19,3,0
1695,43242,Yiftach Ziv,1,1,0
1696,203588,Michael Lee,13,3,0
1697,1626213,Yanick Moreira,5,1,0
1698,27032,Gal Baruch,2,1,0
1699,201792,Moses Ehambe,5,1,0
1700,101148,Mile Ilic,2,1,0
1701,43191,Ben Altit,8,2,0
1702,204041,Brian Qvale,3,1,0
1703,204044,Orlando Sanchez,1,1,0
1704,202513,Stefhon Hannah,1,1,0
1705,1627865,Egidijus Mockevicius,9,1,0
1706,203558,David Lighty,10,1,0
1707,202935,Adrian Oliver,1,1,0
1708,1628449,Chris Boucher,1,1,0
1709,202221,Brian Butch,15,2,0
1710,1628452,Kennedy Meeks,3,1,0
1711,201653,Coleman Collins,9,1,0
1712,27023,Majok Majok,10,1,0
1713,1627878,Nick Zeisloft,1,1,0
1714,203201,Mustapha Farrakhan,15,4,0
1715,1628460,Bronson Koenig,1,1,0
1716,204064,Akil Mitchell,5,1,0
1717,42588,Aleksey Zozulin,3,1,0
1718,43232,Tomer Bar-Even,42,4,0
1719,43231,Liraz Ariely,8,3,0
1720,1962937828,London Perrantes,-6,1,0
1721,43224,Moritz Wagner,1,1,0
1722,1627886,"D'Vauntes Smith-Rivera",2,2,0
1723,202416,Jon Scheyer,19,2,0
1724,1627888,Nikola Jovanovic,4,1,0
1725,1628477,Landry Nnoko,2,1,0
1726,1626261,Michael Holyfield,8,1,0
1727,202815,Jake Anderson,1,1,0
1728,201248,Anthony Richardson,4,1,0
1729,200557,Chet Mason,3,1,0
1730,203568,Damen Bell-Holter,5,3,0
1731,202956,Gary Flowers,1,1,0
1732,27010,Yuezhou Gu,4,1,0
1733,1626271,Kyle Casey,6,1,0
1734,43220,Derrick Caracter,21,3,0
1735,52604,Selem Safar,14,1,0
1736,201239,Rashid Byrd,2,1,0
1737,1626276,Darion Atkins,8,3,0
1738,1626279,Jason Washburn,18,4,0
1739,27006,Xuhang Zhu,11,1,0
1740,202797,Lawrence Hill,1,1,0
1741,1626281,Jon Horford,6,1,0
1742,7021,Tohi Smith-Milner,4,1,0
1743,7020,Dillon Stith,2,1,0
1744,1628518,Amile Jefferson,4,1,0
1745,1626285,Kleon Penn,9,3,0
1746,204136,Marcus Simmons,3,2,0
1747,1626289,Marshall Henderson,2,1,0
1748,202550,Josh Bostic,6,2,0
1749,2823,John Edwards,7,1,0
1750,1626293,Edgar Sosa,2,1,0
1751,202358,Terrico White,25,4,0
1752,201233,Roderick Wilmont,6,1,0
1753,202175,Darnell Lazare,10,1,0
1754,275,Allan Houston,6,1,0
1755,204024,Christian Watford,7,3,0
1756,6664001,David Barlow,18,1,0
1757,43314,Kenan Sipahi,3,1,0
1758,202404,Drew Naymick,16,2,0
1759,201230,Doug Thomas,2,1,0
1760,201848,Longar Longar,2,1,0
1761,200813,Vincent Grier,7,1,0
1762,201834,Bennet Davis,4,1,0
1763,1627292,Kadeem Jack,4,1,0
1764,1962937729,Fan Zhang,5,1,0
1765,1962937730,Jun Shi,5,1,0
1766,101224,Deji Akindele,4,1,0
1767,2587,Malick Badiane,1,1,0
1768,43309,Can Altintig,8,1,0
1769,43215,Luis Chupeta,6,2,0
1770,42547,Ayberk Olmaz,6,1,0
1771,1962937739,Tom Garlepp,5,1,0
1772,42546,Berk Ugurlu,2,1,0
1773,1962937741,Amritpal Singh,8,1,0
1774,201831,Lanny Smith,3,1,0
1775,43308,Serhat Cetin,12,1,0
1776,101217,"D'or Fischer",3,1,0
1777,43212,Danielzinho Lorio,3,2,0
1778,43304,Melih Mahmutoglu,9,1,0
1779,204033,David Wear,10,3,0
1780,1962937767,Wang Tong,1,1,0
1781,43303,Semih Erden,8,1,0
1782,101188,Eddie Basden,9,1,0
1783,1627841,Stefan Jankovic,4,1,0
1784,1627843,Thomas Walkup,6,4,0
1785,202402,Kevin Palmer,4,1,0
1786,202792,Tyren Johnson,3,1,0
1787,1962937809,Will Magnay,4,1,0
1788,1962937810,Tom Fullarton,2,1,0
1789,1962937811,Tyrell Harrison,1,1,0
1790,1962937812,Zach Andrews,1,1,0
1791,203494,Richard Howell,4,1,0
1792,1962937826,Amida Brimah,-2,1,0
1793,1962937827,Matt Matt,0,1,0
1794,1626252,Michale Kyser,5,1,0